{"cameraMode":{"drawMode":0,"name":"Shaded","section":"Shading Mode"},"sceneLighting":false,"audioPlay":false,"sceneViewState":{"m_AlwaysRefresh":false,"showFog":true,"showSkybox":false,"showFlares":true,"showImageEffects":true,"showParticleSystems":true,"showVisualEffectGraphs":true,"m_FxEnabled":true},"in2DMode":false,"pivot":{"x":6.9395599365234379,"y":1.2122324705123902,"z":-3.6515731811523439},"rotation":{"x":-0.08102192729711533,"y":0.7406942844390869,"z":-0.08865738660097122,"w":-0.6619619727134705},"size":0.8660252690315247,"orthographic":false}