{"cameraMode":{"drawMode":0,"name":"Shaded","section":"Shading Mode"},"sceneLighting":false,"audioPlay":false,"sceneViewState":{"m_AlwaysRefresh":false,"showFog":true,"showSkybox":false,"showFlares":true,"showImageEffects":true,"showParticleSystems":true,"showVisualEffectGraphs":true,"m_FxEnabled":true},"in2DMode":false,"pivot":{"x":25.958595275878908,"y":1.5153754949569703,"z":63.63551330566406},"rotation":{"x":0.013499641790986061,"y":-0.9833738207817078,"z":0.08160881698131561,"w":0.1619599610567093},"size":0.9062336087226868,"orthographic":false}