{"cameraMode":{"drawMode":0,"name":"Shaded","section":"Shading Mode"},"sceneLighting":true,"audioPlay":false,"sceneViewState":{"m_AlwaysRefresh":false,"showFog":true,"showSkybox":true,"showFlares":true,"showImageEffects":true,"showParticleSystems":true,"showVisualEffectGraphs":true,"m_FxEnabled":true},"in2DMode":false,"pivot":{"x":1.2048537731170655,"y":2.7483463287353517,"z":0.6307325959205627},"rotation":{"x":-0.10438995063304901,"y":0.8387203812599182,"z":-0.1672552525997162,"w":-0.5089322328567505},"size":0.8663487434387207,"orthographic":false}